Column1,Column4,Column2,Column3,Column5
english,frequency,german,phrase_or_word,swiss_german
can you help me?,1,Können Sie mir helfen?,phrase,
a,1,ein/eine,word,
a person who is boring and conventional,90,"eine Person, die langweilig und konventionell ist",phrase,Spießer
a person who is conservative and narrow-minded,80,"eine Person, die konservativ und engstirnig ist",phrase,Bünzli
a small piece,30,ein kleines Stück,phrase,Fötzeli
about,1,über/von,word,
acid,70,Säure,word,
acid reflux,95,Säurereflux,word,
acne,60,Akne,word,
adhd,70,ADHS,word,
adhesive,95,Klebstoff,word,
adhesive tape,45,Klebeband,word,
aerial,70,Luft-,word,
aerial tramway,95,Luftseilbahn,word,
afternoon,20,Nachmittag,word,
air,16,Luft,word,
airline,50,Fluggesellschaft,word,
airport,36,Flughafen,word,
aisle,38,Gang,word,
all,2,alle,word,
allergies,40,Allergien,word,
alps,60,Alpen,word,
already,53,bereits,word,
am,1,bin,word,
ambiance,70,Atmosphäre,word,
ambulance,60,Rettungswagen,word,
an,1,an/einem/einer,word,
analgesic,50,Schmerzmittel,word,
analyst,80,Analyst/in,word,
and,1,und,word,
angry,45,wütend,word,
antacid,50,Antazidum,word,
anti,95,gegen,word,
anti-inflammatory,50,Antiphlogistikum,word,
antibiotic,40,Antibiotikum,word,
anticoagulant,55,Antikoagulans,word,
antidepressant,45,Antidepressivum,word,
antifungal,55,Antimykotikum,word,
antihistamine,50,Antihistaminikum,word,
antipsychotic,60,Antipsychotikum,word,
antique,70,Antik,word,
antiseptic,55,Antiseptikum,word,
anxiety,70,Angst,word,
any,10,irgendwelche,word,
anything,5,irgendetwas,word,
apetit,95,Appetit,word,
appetizer,50,Vorspeise,word,
appetizers,20,Vorspeisen,word,
apple,30,Apfel,word,
apple fritter,70,Apfelkrapfen,word,Öpfuchüechli
appreciate,60,schätzen,word,
architecture,50,Architektur,word,
are,1,sind,word,
are you celebrating a special occasion today?,40,Feiern Sie heute einen besonderen Anlass?,phrase,
are you here for happy hour specials?,30,Sind Sie wegen unserer Happy-Hour-Specials hier?,phrase,
army,40,Armee,word,
arrival,75,Ankunft,word,
art,30,Kunst,word,
arthritis,65,Arthritis,word,
as,1,als/wie,word,
assist,30,helfen/unterstützen,word,
assistance,60,Hilfe,word,
asthma,50,Asthma,word,
at,1,bei/um,word,
athlete,60,Athlet,word,
athlete's foot,95,Fußpilz,word,
available,31,verfügbar,word,
awesome,50,großartig,word,
back,20,Rücken,word,
bad,70,schlecht,word,
baggage,40,Gepäck,word,
bags,50,Taschen,word,
bakery,60,Bäckerei,word,
bandage,35,Verband,word,
banks,45,Banken,word,
bar,35,Bar,word,
barcode,70,Strichcode,word,
basket,70,Korb,word,
bathroom,21,Badezimmer,word,
beans,80,Bohnen,word,
beautiful,57,schön,word,
bed,24,Bett,word,
beer,47,Bier,word,
beer list,95,Bierliste,word,
berlin philharmonic,95,Berliner Philharmoniker,word,
beverage,45,Getränk,word,
beverages,60,Getränke,word,
big,25,groß,word,
bike,30,Fahrrad,word,
bike tour,60,Fahrradtour,word,
bill,20,Rechnung,word,
bins,62,Behälter,word,
birth,40,Geburt,word,
birth control,95,Verhütungsmittel,word,
bit,70,Bit,word,
blood,50,Blut,word,
blood pressure monitor,80,Blutdruckmessgerät,phrase,
board,50,Board,word,
boarding,50,Boarding,word,
boarding pass,40,Bordkarte,word,
bon apetit,95,Guten Appetit,word,
book,20,Buch,word,
border,50,Grenze,word,
boring,43,langweilig,word,
box,40,Schachtel,word,
brand,59,Marke,word,
brazil,30,Brasilien,word,
bread,30,Brot,word,
bread roll,95,Brötchen,word,Weggli
bridge,50,Brücke,word,
bring,30,bringen,word,
buffet,80,Buffet,word,
build,80,bauen,word,
bum,89,Penner,word,
"bum, homeless person",90,"Obdachloser, Obdachlose",word,Penner
bus,50,Bus,word,
business,70,Geschäft,word,
but,1,aber,word,
butter,30,Butter,word,
buy,37,kaufen,word,
cab,50,Taxi,word,
cabin,80,Hütte,word,
cable,65,Kabel,word,
cable car,95,Seilbahn,word,
call,30,Anruf,word,
call the police/ambulance,20,Rufen Sie die Polizei/den Rettungswagen!,phrase,
can,2,können,word,
can i assist you with anything else?,20,Kann ich Ihnen noch bei etwas anderem helfen?,phrase,
can you please repeat that?,1,Können Sie das bitte wiederholen?,phrase,
can i buy a ticket on board the bus/train or do i need to purchase it elsewhere?,30,Kann ich im Bus/Zug ein Ticket kaufen oder muss ich es anderswo kaufen?,phrase,
can you tell me where the nearest bus/train stop is?,1,"Können Sie mir sagen, wo die nächste Bushaltestelle/Zugstation ist?",phrase,
do you have a restroom i can use?,1,"Haben Sie eine Toilette, die ich benutzen kann?",phrase,
do you have any other items you would like to purchase?,1,Möchten Sie noch weitere Artikel kaufen?,phrase,
do you have the time?,1,Haben Sie die Uhrzeit?,phrase,
can i help you to your car with your groceries?,20,Kann ich Ihnen mit Ihren Einkäufen zum Auto helfen?,phrase,
do you speak english?,1,Sprechen Sie Englisch?,phrase,
do you want me to call you a cab or an uber?,1,Soll ich ein Taxi oder einen Uber für Sie rufen?,phrase,
can i offer you any recommendations on products?,30,Kann ich Ihnen Empfehlungen zu Produkten geben?,phrase,
do you want to come with?,1,Möchten Sie mitkommen?,phrase,"Hesch Lust, mit z'cho?"
does this bus/train stop at [landmark]?,1,Hält dieser Bus/Zug an [Sehenswürdigkeit]?,phrase,
everything is good,1,alles ist gut,phrase,S'isch alles guet
good afternoon,1,Guten Nachmittag,phrase,
good evening,1,Guten Abend,phrase,
good morning,1,Guten Morgen,phrase,
good night,1,gute Nacht,phrase,
cancellation,50,Stornierung,word,
cancelled,62,abgesagt,word,
candy,60,Süßigkeiten,word,
canned,60,in Dosen,word,
canned foods,95,Dosennahrung,word,
capsule,45,Kapsel,word,
car,30,Auto,word,
card,20,Karte,word,
cards,53,Karten,word,
care,70,Sorgfalt,word,
carousel,80,Karussell,word,
carpool,70,Fahrgemeinschaft,word,
carry,50,tragen,word,
cart,70,Wagen,word,
cash,20,Bargeld,word,
cashier,70,Kassierer,word,
cat,18,Katze,word,
celebrating,30,feiern,word,
cereal,60,Müsli,word,
chair,20,Stuhl,word,
chalet,70,Chalet,word,
charity,50,Wohltätigkeit,word,
cheap,35,billig,word,
check,41,überprüfen,word,
checkout,70,Kasse,word,
checkpoint,58,Kontrollpunkt,word,
cheese,55,Käse,word,
chef,80,Koch/Köchin,word,
chickpeas,30,Kichererbsen,word,
chocolate,65,Schokolade,word,
cholesterol,65,Cholesterin,word,
chronic,60,chronisch,word,
chronic pain,95,chronischer Schmerz,word,
cigarettes,75,Zigaretten,word,
cilantro,60,Koriander,word,
city,50,Stadt,word,
civilian,85,Zivilist,word,
civilian service worker,90,"Zivildienstleistender, Zivildienstleistende",word,Zivi
class,29,Klasse,word,
clean,38,sauber,word,
clear,70,klar,word,
clearance,90,Räumungsverkauf,word,
climb,50,klettern,word,
clock,30,Uhr,word,
cocktail,50,Cocktail,word,
code,30,Code,word,
coffee,30,Kaffee,word,
cold,55,kalt,word,
cold and flu symptoms,70,Erkältungs- und Grippe-Symptome,word,
come,20,kommen,word,
commute,60,Pendeln,word,
complaints,70,Beschwerden,word,
computer,27,Computer,word,
condom,90,Kondom,word,
confirmation,44,Bestätigung,word,
connecting,50,verbindend,word,
connecting flight,95,Anschlussflug,word,
connector,70,Verbindungselement,word,
conservative,50,konservativ,word,
constipation,65,Verstopfung,word,
control,40,Kontrolle,word,
conventional,68,konventionell,word,
cook,70,kochen,word,
cooked,30,gekocht,word,
cookies,60,Kekse,word,
cool,40,kühl/super,word,Geil
"cool, laid-back",20,"cool, entspannt",word,Lässig
corkage fee,90,Korkgeld,word,
cost,30,Kosten,word,
cough,60,Husten,word,
counter,55,Schalter,word,
country,50,Land,word,
coupon,70,Gutschein,word,
coupons,50,Gutscheine,word,
cow,60,Kuh,word,
"crazy, insane",40,"verrückt, wahnsinnig",word,Gölä
cream,45,Creme,word,
create,80,erstellen,word,
credit,50,Kredit,word,
credit card,30,Kreditkarte,word,
crew,80,Mannschaft,word,
crosswalk,70,Zebrastreifen,word,
cruise,90,Kreuzfahrt,word,
cry,40,weinen,word,
cuckoo clock,90,Kuckucksuhr,word,
cuisine,95,Küche,word,
culture,50,Kultur,word,
currency,20,Währung,word,
currently,43,momentan,word,
currywurst,80,Currywurst,word,
customer,29,Kunde/Kundin,word,
customer service,95,Kundenservice,word,
customs,54,Zoll,word,
cutlery,70,Besteck,word,
cyclist,65,Radfahrer,word,
dairy,60,Milchprodukte,word,
damn,20,verdammt,word,
dance,80,tanzen,word,
data,30,Daten,word,
date,55,Datum,word,
day,10,Tag,word,
debit,50,Lastschrift,word,
debit card,95,Debitkarte,word,
declaration,67,Erklärung,word,
delay,50,Verspätung,word,
delayed,30,verspätet,word,
deli,60,Delikatessengeschäft,word,
delicious,34,lecker,word,
delivery,70,Lieferung,word,
departure,80,Abfahrt,word,
depression,65,Depression,word,
design,50,Design,word,
desk,43,Schreibtisch,word,
dessert,50,Dessert,word,
desserts,50,Desserts,word,
destination,51,Ziel,word,
destroy,80,zerstören,word,
diabetes,65,Diabetes,word,
diarrhea,65,Durchfall,word,
did,20,tat,word,
"good, and you?",1,"Gut, und dir?",phrase,"Guet, und dir?"
have a nice day,1,Schönen Tag noch / Einen schönen Tag wünsche ich Ihnen,phrase,
dietary,40,Ernährungs-,word,
dietary supplements,95,Nahrungsergänzungsmittel,word,
difficult,80,schwierig,word,
digestive,55,Verdauungs-,word,
digestive problems,95,Verdauungsprobleme,word,
dining,40,Essen,word,
dirty,46,schmutzig,word,
discount,70,Rabatt,word,
discounts,40,Rabatte,word,
dish,70,Gericht,word,
dishes,20,Geschirr,word,
dislike,30,nicht mögen,word,
district,95,Bezirk,word,
do,1,tun/machen,word,
have a nice trip,1,Gute Reise / Guten Flug,phrase,
how's it going?,1,Wie läuft's? / Wie geht's?,phrase,
how are you?,1,Wie geht es dir? / Wie geht es Ihnen?,phrase, / Wie gaht's?
how long does the journey take?,1,Wie lange dauert die Reise?,phrase,
do you have any coupons or discounts?,20,Haben Sie Coupons oder Rabatte?,phrase,
how much do i owe you?,1,Wie viel schulde ich Ihnen?,phrase,
how much does it cost?,1,Wie viel kostet es?,phrase,
i'm very sorry,1,Es tut mir sehr leid,phrase,
i am 31 years old,1,Ich bin 31 Jahre alt,phrase,
i am a data analyst,1,Ich bin Datenanalyst(in),phrase,
do you have any specific brand preferences?,30,Haben Sie bestimmte Markenpräferenzen?,phrase,
i am from brazil,1,Ich komme aus Brasilien,phrase,
i appreciate it,1,Ich schätze es / Ich danke Ihnen,phrase,
do you need a raincheck for an out-of-stock item?,40,Benötigen Sie einen Regencheck für ein ausverkauftes Produkt?,phrase,
do you need a receipt or an email confirmation?,20,Benötigen Sie eine Quittung oder eine Bestätigung per E-Mail?,phrase,
"i can't, sorry",1,"Ich kann nicht, tut mir leid",phrase,
do you need any help to carry your bags?,30,Benötigen Sie Hilfe beim Tragen Ihrer Taschen?,phrase,
do you need any recommendations for drinks?,20,Möchten Sie Empfehlungen für Getränke?,phrase,
i don't speak german,1,Ich spreche kein Deutsch,phrase,
i like that,1,Das gefällt mir,phrase,Mir gfallt das guet
i need assistance,1,Ich brauche Hilfe / Unterstützung,phrase,
i need help,1,Ich brauche Hilfe / Unterstützung,phrase,
do you want to donate to our charity?,40,Möchten Sie an unsere Wohltätigkeitsorganisation spenden?,phrase,
do you want to pay for your drink now or start a tab?,20,Möchten Sie Ihr Getränk jetzt bezahlen oder eine Rechnung aufmachen?,phrase,
do you want to purchase any phone cards or prepaid credit cards?,40,Möchten Sie Telefonkarten oder Prepaid-Kreditkarten kaufen?,phrase,
is there a restroom here?,1,Gibt es hier eine Toilette? / Wo ist die Toilette?,phrase,
doctor,80,Arzt/Ärztin,word,
does,20,tut/macht,word,
is this bus/train going to [destination]?,1,Fährt dieser Bus/Zug nach [Ziel]?,phrase,
"doesn't matter, who cares",30,"Ist egal, wen interessiert's",phrase,Wumpe
dog,16,Hund,word,
doing,40,tun,word,
donate,50,spenden,word,
doner,95,Döner,word,
doner kebab,60,Döner Kebab,word,
dosage,75,Dosierung,word,
dress,40,Kleid,word,
dress code,80,Kleiderordnung,word,
dressing,40,Dressing,word,
drink,20,Getränk,word,
drinks,20,Getränke,word,
drive,30,fahren,word,
driver,25,Fahrer/in,word,
drops,50,Tropfen,word,
drug,50,Droge,word,
drug allergies,95,Medikamentenallergien,word,
dude,40,Kumpel,word,
"dude, man",1,"Typ, Mann",word,Alder
duty,64,Pflicht,word,
dysfunction,70,Funktionsstörung,word,
ear,35,Ohr,word,
ear infection,95,Ohrenentzündung,word,
earth,13,Erde,word,
east,30,Osten,word,
East Berlin,60,Ost-Berlin,word,NA
easy,40,einfach,word,
eat,20,essen,word,
eczema,70,Ekzem,word,
effects,60,Effekte,word,
electronics,57,Elektronik,word,
else,5,sonst/noch,word,
elsewhere,50,anderswo,word,
email,25,E-Mail,word,
end,17,Ende,word,
"end of the workday, time to relax",60,"Feierabend, Zeit zum Entspannen",phrase,Feierabend
energy,40,Energie,word,
energy drinks,95,Energy-Drinks,word,
english,30,Englisch,word,
enough,30,genug,word,
entree,50,Hauptspeise,word,
epinephrine,60,Adrenalin,word,
epipen,70,Epipen,word,
evening,20,Abend,word,
everything,30,alles,word,
it's no problem,1,kein Problem / es ist kein Problem,phrase, / Es isch kei Problem
it was nice,1,Es war schön,phrase,Es isch schön gsi
excess,70,Selbstbeteiligung,word,
exchange,67,Austausch,word,
excuse,5,Entschuldigung,word,
expensive,32,teuer,word,
experience,20,Erfahrung,word,
expressway,45,Autobahn,word,
extreme,74,extrem,word,
eye,30,Auge,word,
family,50,Familie,word,
fantastic,80,fantastisch,word,
fare,60,Fahrpreis,word,
farm,70,Farm,word,
fashion,50,Mode,word,
fast,10,schnell,word,
fast food,60,Schnellimbiss,word,
fasten,50,fasten,word,
fee,20,Gebühr,word,
feedback,30,Rückmeldung,word,
feel,40,fühlen,word,
ferris wheel,70,Riesenrad,word,
fill,45,füllen,word,
final,35,endgültig,word,
find,20,finden,word,
fine,1,"gut, in Ordnung",word,
fine dining,95,gehobene Küche,word,
first,23,zuerst/erste,word,
flat,30,Wohnung,word,
flat bread,95,Fladenbrot,word,
flavor,70,Geschmack,word,
flight,43,Flug,word,
flight number,20,Flugnummer,word,
flu,55,Grippe,word,
fly,60,fliegen,word,
fondue,75,Fondue,word,
food,10,Essen,word,
foods,20,Lebensmittel,word,
foot,65,Fuß,word,
for,1,für,word,
forget,80,vergessen,word,
form,30,Formular,word,
forward,40,vorwärts,word,
franc,50,Franken,word,
frankly,80,offen gesagt,word,
free,30,frei/kostenlos,word,
fresh,60,frisch,word,
fresh produce,20,frisches Obst und Gemüse,word,
friend,50,Freund,word,
fritter,95,Fritter,word,
from,1,von/aus,word,
frown,80,Stirn runzeln,word,
frozen,30,gefroren,word,
frozen foods,70,Tiefkühlkost,word,
fungus,70,Pilz,word,
galleries,50,Galerien,word,
garage,35,Garage,word,
gardens,50,Gärten,word,
garlic,30,Knoblauch,word,
gate,31,Tor,word,
gauze,35,Gazestoff,word,
generic,65,generisch,word,
generic medication,95,Generikum,word,
german,40,deutsch,word,
get,1,bekommen/erhalten,word,
give,30,geben,word,
glacier,80,Gletscher,word,
glucose,40,Glukose,word,
glucose meter,60,Blutzuckermessgerät,word,
gluten,80,Gluten,word,
go,1,gehen/fahren,word,
god,20,Gott,word,
going,1,gehen/fahren,word,
gondola,70,Gondel,word,
good,10,gut,word,
my name is victor,1,mein Name ist Victor,phrase,
nice to meet you,1,"nett, Sie kennenzulernen",phrase,
oh my god!,1,oh mein Gott!,phrase,Gopferdammi
pardon me,1,Verzeihung,phrase,
take care,1,Pass auf dich auf,phrase,Mach's guet
goodbye,1,Tschüss/Auf Wiedersehen,word,
government,50,Regierung,word,
graffiti,60,Graffiti,word,
grains,60,Getreide,word,
granola,80,Müsli,word,
gratuity,80,Trinkgeld,word,
great,20,großartig,word,
groceries,50,Lebensmittel,word,
ground,70,Boden,word,
gum,65,Kaugummi,word,
hairstyle,46,Frisur,word,
happy,10,glücklich,word,
hard,23,hart/schwierig,word,
hate,80,hassen,word,
have,1,haben,word,
thank you very much,1,vielen Dank,phrase,Merci vilmal
that's fine,1,das ist in Ordnung,phrase,Das passt guet
that's great,1,das ist großartig,phrase,Das isch super
health,60,Gesundheit,word,
healthy,23,gesund,word,
heartburn,65,Sodbrennen,word,
heavy,36,schwer,word,
hello,1,Hallo,word,
help,10,helfen,word,
help desk,20,Informationsschalter,word,
here,1,hier,word,
hi,1,Hallo,word,
high,55,hoch,word,
high blood pressure,90,hoher Blutdruck,word,
highway,25,Autobahn,word,
hiking,60,Wandern,word,
hipster,50,Hipster,word,
history,40,Geschichte,word,
hobby,60,Hobby,word,
homeless,78,obdachlos,word,
host,70,Gastgeber,word,
hostess,70,Gastgeberin,word,
hot,10,heiß,word,
hour,28,Stunde,word,
house,29,Haus,word,
how,5,wie,word,
that's okay,1,das ist okay,phrase,Das isch scho okay
there's no problem,1,es gibt kein Problem,phrase,Es git kei Problem
we have to go now,1,wir müssen jetzt gehen,phrase,Mir münd jetz go
what's going on?,1,Was ist los?,phrase,Was isch los?
what's up?,1,Was gibt's Neues?,phrase,Was gsehts?
what are you doing today?,1,was machst du heute?,phrase,Was machsch hüt?
what time is it?,1,Wie spät ist es?,phrase,
where is the restroom?,1,Wo ist die Toilette?,phrase,
can i get you anything else to drink?,5,Kann ich Ihnen noch etwas zu trinken bringen?,phrase,
can i help you find a specific product?,5,"Kann ich Ihnen helfen, ein bestimmtes Produkt zu finden?",phrase,
hungry,40,hungrig,word,
hurt,30,Schmerzen haben,word,
I,1,ich,word,
I'm sorry,1,es tut mir leid,word,
can i offer you any desserts or coffee?,5,Kann ich Ihnen Nachspeisen oder Kaffee anbieten?,phrase,
can i offer you anything else to drink?,5,Kann ich Ihnen sonst noch etwas zu trinken anbieten?,phrase,
can i pay with cash or do i need to use a card?,5,Kann ich bar bezahlen oder muss ich eine Karte benutzen?,phrase,
can i see your boarding pass and id please?,5,Kann ich bitte Ihren Boarding-Pass und Ihren Ausweis sehen?,phrase,
do i need to fill out a customs declaration form?,5,Muss ich ein Zollformular ausfüllen?,phrase,
do you have a window or an aisle seat preference?,5,Haben Sie eine Vorliebe für ein Fenster- oder Gang,phrase,
do you have any carry-on bags?,5,Haben Sie Handgepäck?,phrase,
do you have any dietary restrictions or allergies?,5,Haben Sie besondere Ernährungsbedürfnisse oder Allergien?,phrase,
do you have any promotions or discounts currently available?,5,Gibt es derzeit Sonderaktionen oder Rabatte?,phrase,
do you have any questions about our products?,5,Haben Sie Fragen zu unseren Produkten?,phrase,
do you have any special needs or requests?,5,Haben Sie besondere Bedürfnisse oder Anfragen?,phrase,
ID,46,Ausweis,word,
idea,70,Idee,word,
imagine,80,sich vorstellen,word,
immigration,55,Einwanderung,word,
important,10,wichtig,word,
in,1,in,word,
infection,55,Infektion,word,
inflammatory,95,entzündungshemmend,word,
ingredients,70,Zutaten,word,
inhaler,50,Inhalator,word,
injection,50,Injektion,word,
insane,40,wahnsinnig,word,
insomnia,65,Schlaflosigkeit,word,
insulin,50,Insulin,word,
insurance,30,Versicherung,word,
intense,72,intensiv,word,
interactions,75,Wechselwirkungen,word,
interesting,80,interessant,word,
interests,60,Interessen,word,
intersection,55,Kreuzung,word,
is,1,ist,word,
do you have your own bags or do you need some?,5,Haben Sie eigene Taschen oder brauchen Sie welche?,phrase,
everything is clear,5,alles ist klar,phrase,S'isch alles klar
have you packed any liquids or prohibited items in your bags?,5,Haben Sie Flüssigkeiten oder verbotene Gegenstände im Gepäck?,phrase,
how often does the bus/train come?,5,Wie oft fährt der Bus/Zug?,phrase,
how was your dining experience with us today?,5,Wie war Ihr Restaurantbesuch heute?,phrase,
how was your experience at our bar today?,5,Wie war Ihr Erlebnis in unserer Bar heute?,phrase,
how was your shopping experience with us today?,5,Wie war Ihr Einkaufserlebnis bei uns heute?,phrase,
it,1,es,word,
i have no idea,5,Ich habe keine Ahnung,phrase,I ha kei Ahnig
it's a long story,20,es ist eine lange Geschichte,phrase,S'isch e langi Gschicht
it's a long way,20,es ist ein weiter Weg,phrase,S'isch e lange Wäg
it's a small world,30,die Welt ist klein / es ist eine kleine Welt,phrase,S'isch e chline Wält / Das isch e chline Welt
is everything to your satisfaction?,5,Ist alles zu Ihrer Zufriedenheit?,phrase,
is there free wi-fi available in the airport?,5,Gibt es kostenloses WLAN im Flughafen?,phrase,
is this your final destination or do you have a connecting flight?,5,Ist dies Ihr endgültiges Reiseziel oder haben Sie einen Anschlussflug?,phrase,
it's no problem for me,5,es ist kein Problem für mich,phrase,Es isch kei Problem für mich
it was good,5,Es war gut,phrase,Es isch guet gsi
that's enough,5,das reicht,phrase,
we don't have any more time,5,wir haben keine Zeit mehr,phrase,Mir händ kei Ziit meh
item,20,Artikel/Gegenstand,word,
items,28,Artikel/Gegenstände,word,
job,30,Arbeit,word,
journey,60,Reise,word,
juice,60,Saft,word,
jump,70,springen,word,
kebab,95,Döner Kebab,word,
kind,20,nett,word,
kitchen,70,Küche,word,
knife,65,Messer,word,
"kottbusser tor, a subway station in berlin",20,"Kottbusser Tor, eine U-Bahn-Station in Berlin",phrase,Kotti
label,65,Etikett,word,
lake,60,See,word,
landmark,60,Wahrzeichen,word,
last,50,letzte,word,
laugh,40,lachen,word,
lawyer,80,Anwalt,word,
learn,40,lernen,word,
leave,30,verlassen,word,
lentils,30,Linsen,word,
light,20,leicht,word,
light rail,80,Straßenbahn,word,
lighting,70,Beleuchtung,word,
like,5,mögen/gerne haben,word,
liquids,51,Flüssigkeiten,word,
list,30,Liste,word,
listen,40,zuhören,word,
local,60,lokal,word,
locally sourced,90,regional bezogen,word,
long,50,lang,word,
looking,20,aussehend/schauend,word,
loss,55,Verlust,word,
lot,35,Menge,word,
loud,23,laut,word,
love,80,lieben,word,
low,19,niedrig,word,
loyalty,80,Treue,word,
loyalty program,95,Treueprogramm,word,
luggage,40,Gepäck,word,
luggage carousel,95,Gepäckband,word,
lunch,50,Mittagessen,word,
machine,23,Maschine,word,
mailing,40,Postversand,word,
man,40,Mann,word,
matter,29,Angelegenheit,word,
me,1,mich/mir,word,
meal,20,Mahlzeit,word,
meat,60,Fleisch,word,
medication,30,Medikament,word,
meet,50,treffen,word,
menu,20,Menü,word,
meter,95,Meter,word,
metro,45,U-Bahn,word,
migraines,70,Migräne,word,
mild,48,mild,word,
mind,40,Geist,word,
mints,75,Minzbonbons,word,
mixologist,90,Barkeeper,word,
modern,37,modern,word,
money,40,Geld,word,
monitor,65,überwachen,word,
monorail,60,Einschienenbahn,word,
month,60,Monat,word,
moon,25,Mond,word,
more,30,mehr,word,
"more, please",20,"mehr, bitte",phrase,
morning,30,Morgen,word,
mountain,60,Berg,word,
mountain hiking,60,Bergwandern,word,
movie,21,Film,word,
much,20,viel,word,
mullet,93,Vokuhila,word,
museums,40,Museen,word,
music,30,Musik,word,
my,1,mein/meine,word,
what are your interests?,5,was sind deine Interessen?,phrase,Was hesch für Interesse?
nail,65,Nagel,word,
nail fungus,95,Nagelpilz,word,
name,20,Name,word,
napkin,70,Serviette,word,
narrow,95,eng,word,
narrow-minded,60,engstirnig,word,
nasal,95,nasal,word,
nasal spray,55,Nasenspray,word,
natural,50,natürlich,word,
natural products,95,Naturprodukte,word,
nearest,60,nächstgelegen,word,
need,20,brauchen,word,
needs,41,Bedürfnisse,word,
neighborhood,50,Nachbarschaft,word,
new,30,neu,word,
news,30,Nachricht,word,
nice,20,nett,word,
what is the fare to [destination]?,5,Wie viel kostet die Fahrt nach [Ziel]?,phrase,
night,20,Nacht,word,
nightlife,50,Nachtleben,word,
no,1,nein/kein,word,
nonsense,20,Unsinn,word,
not,1,nicht,word,
now,1,jetzt,word,
number,60,Nummer,word,
nurse,80,Krankenschwester,word,
oats,30,Haferflocken,word,
occasion,30,Gelegenheit/Anlass,word,
of,1,von,word,
off,1,aus/offen,word,
offer,20,Angebot,word,
office,32,Büro,word,
often,50,oft,word,
oh,1,oh,word,
what time does the last bus/train leave?,5,Um wie viel Uhr fährt der letzte Bus/Zug ab?,phrase,
ointment,50,Salbe,word,
okay,5,okay,word,
old,30,alt,word,
on,1,auf/an,word,
onion,25,Zwiebel,word,
only,65,nur,word,
or,1,oder,word,
order,60,Bestellung,word,
organic,70,biologisch,word,
organic products,95,Bio-Produkte,word,
osteoporosis,70,Osteoporose,word,
other,20,andere,word,
our,30,unser/e,word,
out,1,raus/auf/aus,word,
outdoor,60,im Freien,word,
outdoor seating,95,Außensitzplätze,word,
over (above),20,über,word,
over (finished),20,vorbei,word,
owe,50,schulden,word,
own,30,eigene/r/s,word,
packed,60,verpackt,word,
pain,60,Schmerz,word,
what time is my connecting flight?,5,Um welche Uhrzeit ist mein Anschlussflug?,phrase,
parking,20,Parkplatz/Parken,word,
parks,50,Parks,word,
pass,40,Pass,word,
passport,45,Reisepass,word,
pasta,60,Nudeln,word,
pay,20,bezahlen/zahlen,word,
payment,60,Zahlung,word,
peanut,60,Erdnuss,word,
peanut butter,70,Erdnussbutter,word,
pedestrian,40,Fußgänger,word,
pedicab,70,Fahrradtaxi,word,
pen,20,Stift,word,
pencil,26,Bleistift,word,
person,20,Person,word,
pharmacist,50,Apotheker,word,
pharmacy,42.5,Apotheke,word,
philharmonic,40,Philharmonie,word,
phone,20,Telefon,word,
piece,40,Stück,word,
pill,35,Pille,word,
place,23,Ort/Platz,word,
plate,70,Teller,word,
platform,50,Plattform,word,
play,80,spielen,word,
please,5,bitte,word,
please fasten your seatbelt and return your tray table to the upright position,20,Bitte schnallen Sie Ihren Sicherheitsgurt an und bringen Sie Ihren Tisch in die aufrechte Position zurück,phrase,
please place all electronics and liquids in the bins for the x-ray machine,20,Bitte legen Sie alle Elektronikgeräte und Flüssigkeiten in die Behälter für das Röntgengerät,phrase,
please proceed to the security checkpoint,30,Bitte gehen Sie zur Sicherheitskontrolle,phrase,
police,50,Polizei,word,
policy,70,Richtlinie,word,
poor,33,arm,word,
position,38,Position,word,
prefer,30,bevorzugen,word,
preference,63,Vorliebe,word,
preferences,63,Vorlieben,word,
pregnancy,50,Schwangerschaft,word,
pregnancy test,95,Schwangerschaftstest,word,
prepaid,67,im Voraus bezahlt,word,
prescription,25,Rezept,word,
presentation,70,Präsentation,word,
pressure,50,Druck,word,
price,30,Preis,word,
prices,20,Preise,word,
problem,50,Problem,word,
problems,60,Probleme,word,
proceed,33,fortfahren,word,
produce,60,produzieren,word,
product,20,Produkt,word,
products,36,Produkte,word,
program,58,Programm,word,
prohibited,68,verboten,word,
promotions,86,Werbeaktionen,word,
public,70,öffentlich,word,
public transportation,30,öffentliche Verkehrsmittel,word,
purchase,45,Kauf,word,
purpose,46,Zweck,word,
questions,19,Fragen,word,
quiet,22,leise/ruhig,word,
raclette,85,Raclette,word,
rail,50,Bahn,word,
raincheck,60,Regencheck,word,
rash,65,Ausschlag,word,
ray,61,Strahl,word,
read,50,lesen,word,
reasonable,40,vernünftig,word,
receipt,45,Quittung,word,
receive,80,empfangen,word,
recipe,60,Rezept,word,
recommend,30,empfehlen,word,
recommendations,40,Empfehlungen,word,
refill,30,Nachfüllen,word,
reflux,70,Reflux,word,
refund,70,Rückerstattung,word,
relax,37,entspannen,word,
relaxed,50,entspannt,word,
remember,80,sich erinnern,word,
repeat,50,wiederholen,word,
requests,51,Anfragen,word,
required,50,erforderlich,word,
reservation,60,Reservierung,word,
resort,60,Ferienort,word,
restrictions,30,Beschränkungen,word,
restroom,5,Toilette,word,
return,45,zurückkehren,word,
return policy,95,Rückgabebedingungen,word,
rewards,73,Belohnungen,word,
rice,30,Reis,word,
rich,24,reich,word,
ride,70,Fahrt,word,
rideshare,60,Fahrgemeinschaft,word,
right,20,rechts,word,
right of way,60,Vorfahrt,phrase,
river,40,Fluss,word,
river cruise,60,Flusskreuzfahrt,word,
road,5,Straße,word,
rocks,50,Felsen,word,
roll,50,Rolle,word,
rolls,50,Brötchen,word,
room,24,Zimmer,word,
route,60,Strecke,word,
run,60,laufen,word,
runway,90,Start- und Landebahn,word,
rush,60,Eile,word,
rush hour,70,Stoßzeit,word,
sad,33,traurig,word,
salad,40,Salat,word,
sale,70,Verkauf,word,
salesperson,70,Verkäufer,word,
satisfaction,30,Zufriedenheit,word,
scenery,60,Landschaft,word,
schedule,50,Zeitplan,word,
school,70,Schule,word,
seafood,70,Meeresfrüchte,word,
seat,12,Sitzplatz,word,
seatbelt,59,Sicherheitsgurt,word,
seating,70,Sitzgelegenheit,word,
seating policy,90,Sitzplatzregelung,word,
security,31,Sicherheit,word,
security clearance,90,Sicherheitsüberprüfung,word,
see,22,sehen,word,
see you soon,30,bis bald / wir sehen uns bald,phrase,Mir gsehnd üs gli / Mir gsehnd üs bald
sell,20,verkaufen,word,
service,11,Service/Dienstleistung,word,
serving,70,Portion,word,
shelf,70,Regal,word,
shopping,20,Einkaufen,word,
shopping cart,70,Einkaufswagen,word,
short,27,kurz,word,
shut,50,schließen,word,
"shut up, enough already",20,"sei still, genug jetzt",phrase,Schnauze
shuttle,55,Shuttle,word,
sick,52,krank,word,
side,30,Seite,word,
side effects,90,Nebenwirkungen,word,
sign,30,Schild/Zeichen,word,
signature,50,Unterschrift,word,
sing,80,singen,word,
sinus,60,Nasennebenhöhle,word,
sinus infection,90,Nasennebenhöhlenentzündung,word,
ski,70,Ski,word,
ski resort,80,Skigebiet,word,
skiing,65,Skifahren,word,
skin,55,Haut,word,
skin rash,90,Hautausschlag,word,
sky,18,Himmel,word,
sleep,30,schlafen,word,
slow,31,langsam,word,
small,40,klein,word,
smile,70,lächeln,word,
smoking,60,Rauchen,word,
snack,56,Snack,word,
snacks,61,Snacks,word,
snow,70,Schnee,word,
snowboarding,65,Snowboarden,word,
so,20,so,word,
soda,20,Limonade,word,
soft,50,weich,word,
soft drinks,60,alkoholfreie Getränke,word,
some,5,einige/manche,word,
something,40,etwas,word,
soon,60,bald,word,
sore,60,wund,word,
sore throat,90,Halsschmerzen,word,
sorry,1,Entschuldigung,word,
sourced,90,bezogen,word,
sous,90,Küchenchef,word,
speak,30,sprechen,word,
special,5,besonders/spezial,word,
specials,30,Angebote/Spezialitäten,word,
specific,50,spezifisch,word,
spices,70,Gewürze,word,
spicy,62,würzig,word,
spirits,80,Spirituosen,word,
split,40,teilen,word,
spray,70,Sprühflasche,word,
staff,70,Personal,word,
stale,75,abgestanden,word,
star,22,Stern,word,
start,20,Anfang/starten,word,
station,50,Station,word,
steak,40,Steak,word,
still,70,immer noch,word,
stock,30,Bestand/Lager,word,
stop,5,Halt,word,
story,70,Geschichte,word,
straight,50,geradeaus,word,
street,20,Straße,word,
street art,70,Straßenkunst,word,
streetcar,70,Straßenbahn,word,
strong,38,stark,word,
student,60,Student,word,
study,70,studieren,word,
subway,60,U-Bahn,word,
suggestions,70,Vorschläge,word,
sun,25,Sonne,word,
supplements,80,Nahrungsergänzungsmittel,word,
suppository,60,Zäpfchen,word,
swim,70,schwimmen,word,
swiss,60,Schweizer,word,
swiss army knife,50,Schweizer Taschenmesser,word,
swiss cheese,50,Schweizer Käse,word,
swiss chocolate,50,Schweizer Schokolade,word,
swiss franc,50,Schweizer Franken,word,
symptoms,55,Symptome,word,
syrup,45,Sirup,word,
tab,70,Registerkarte,word,
table,38,Tisch,word,
tablecloth,80,Tischtuch,word,
tablet,40,Tablette,word,
take,50,nehmen,word,
where are the check-in counters?,5,Wo sind die Check-in-Schalter?,phrase,
takeout,70,Essen zum Mitnehmen,word,
talk,70,sprechen,word,
tall,39,groß,word,
tape,95,Klebeband,word,
tarmac,90,Rollbahn,word,
taste,70,Geschmack,word,
tasteless,72,geschmacklos,word,
taxi,30,Taxi,word,
tea,70,Tee,word,
teach,70,lehren,word,
teacher,70,Lehrer/in,word,
technician,60,Techniker/in,word,
television,27,Fernseher,word,
tell,50,erzählen,word,
terminal,60,Terminal,word,
test,75,Test,word,
thank,5,danke,word,
thank you,1,danke,word,
where are you from?,5,Woher kommen Sie?,phrase,
thanks,1,danke,word,
that,1,dass/jenes,word,
would you like to pay with cash or card?,5,Möchten Sie bar oder mit Karte bezahlen?,phrase,
your flight is boarding now at gate x.,5,Ihr Flug beginnt das Boarding am Gate x.,phrase,
"your flight is delayed/cancelled, please proceed to the customer service desk.",5,"Ihr Flug ist verspätet/abgesagt, bitte gehen Sie zum Kundenservice-Schalter.",phrase,
can i bring you anything to start off your meal?,10,Kann ich Ihnen etwas zum Start Ihres Essens bringen?,phrase,
can i get you some bread or rolls?,10,Kann ich Ihnen etwas Brot oder Brötchen bringen?,phrase,
that's not easy,20,das ist nicht einfach / das ist nicht leicht,phrase,Das isch nid eifach / Das isch nöd eifach
can i get you some water or soda as well?,10,Kann ich Ihnen auch etwas Wasser oder Limonade bringen?,phrase,
can i offer you any promotions or discounts on products,10,Kann ich Ihnen Werbeaktionen oder Rabatte auf Produkte anbieten?,phrase,
can i offer you some gum or mints?,10,Kann ich Ihnen Kaugummi oder Pfefferminz anbieten?,phrase,
the,1,der/die/das,word,
there,1,dort,word,
did you find everything you were looking for?,10,"Haben Sie alles gefunden, wonach Sie gesucht haben?",phrase,
there's still room,20,es ist noch Platz,phrase,Es het no Plätz
thermometer,50,Thermometer,word,
thick,57,dick,word,
thin,44,dünn,word,
things,18,Dinge/Sachen,word,
things are going well for you!,20,es läuft gut für dich!,phrase,Läuft bei dir!
think,30,denken,word,
this,1,dies/das,word,
throat,60,Hals,word,
thru,95,durch,word,
ticket,60,Ticket,word,
time,5,Zeit,word,
timetable,50,Fahrplan,word,
tip,70,Trinkgeld,word,
tired,22,müde,word,
to,1,zu/nach,word,
to feel like doing something,20,"Lust haben, etwas zu tun",phrase,Bock haben
"to speak frankly, to tell the truth",50,um ehrlich zu sein,phrase,Tacheles reden
tobacco,80,Tabak,word,
today,5,heute,word,
toll,60,Maut,word,
toll road,80,Mautstraße,word,
tomorrow,70,morgen,word,
total,37,gesamt,word,
tour,30,Tour,word,
traffic,20,Verkehr,word,
train,50,Zug,word,
tram,80,Straßenbahn,word,
tramway,70,Straßenbahn,word,
transfer,50,Transfer,word,
transportation,70,Transport,word,
tray,51,Tablett,word,
tree,21,Baum,word,
trip,50,Reise,word,
trolley,80,Einkaufswagen,word,
truth,68,Wahrheit,word,
try,20,versuchen/probieren,word,
tunnel,55,Tunnel,word,
turnpike,70,Autobahngebühr,word,
type,20,Typ/Art,word,
uber,50,Uber,word,
ugly,46,hässlich,word,
university,80,Universität,word,
up,10,oben/hoch,word,
upgrade,63,Upgrade,word,
upright,55,aufrecht,word,
us,10,uns,word,
use,5,nutzen/benutzen,word,
vegan,70,vegan,word,
vegetarian,70,vegetarisch,word,
very,30,sehr,word,
visit,56,Besuch,word,
vitamins,70,Vitamine,word,
waiter,80,Kellner,word,
waiting,70,warten,word,
waiting list,90,Warteliste,word,
waitress,80,Kellnerin,word,
wake,80,aufwachen,word,
walk,20,Spaziergang,word,
wall,40,Wand,word,
want,5,wollen/möchten,word,
was,1,war,word,
watches,55,Uhren,word,
water,5,Wasser,word,
waterfall,70,Wasserfall,word,
way,40,Weg,word,
we,10,wir,word,
we'll do that tomorrow,20,wir werden das morgen machen,phrase,Mir mache das morn
we're looking forward to it,30,wir freuen uns darauf,phrase,Mir freued eus
we can do it tomorrow,30,wir können es morgen machen,phrase,Mir chönds morn mache
did you find our prices reasonable?,10,Fanden Sie unsere Preise angemessen?,phrase,
do you need a to-go box?,10,Brauchen Sie eine Verpackung zum Mitnehmen?,phrase,
do you prefer your drink on the rocks or straight up?,10,Möchten Sie Ihr Getränk on the rocks oder straight up?,phrase,
weak,44,schwach,word,
week,20,Woche,word,
weight,50,Gewicht,word,
weight loss,80,Gewichtsverlust,word,
welcome,10,willkommen,word,
well,5,gut/wohl,word,
were,5,waren,word,
west,20,Westen,word,
West Berlin,60,West-Berlin,word,NA
what,1,was,word,
do you want to split the bill?,10,Möchten Sie die Rechnung teilen?,phrase,
how would you like your steak cooked?,10,Wie möchten Sie Ihr Steak gebraten haben?,phrase,
is there a transfer required for my journey?,10,Gibt es für meine Reise einen Umstieg?,phrase,
is there anything else i can help you with?,10,Kann ich Ihnen sonst noch weiterhelfen?,phrase,
it's a bit difficult,10,Es ist ein bisschen schwierig,phrase,Es isch chli schwirig
what do you recommend to me?,20,Was empfehlen Sie mir?,phrase,Was empfiehlsch mir?
what do you recommend?,20,Was empfehlen Sie?,phrase,Was empfiehlsch?
it's not bad,10,es ist nicht schlecht,phrase,Es isch nöd schlimm
what is the purpose of your visit?,20,Was ist der Grund Ihres Besuchs?,phrase,
what is the total cost of my purchase?,20,Wie viel kostet mein Einkauf insgesamt?,phrase,
what kind of music do you prefer?,50,Welche Musik bevorzugen Sie?,phrase,
what kind of snacks do you have available?,30,Welche Snacks haben Sie zur Verfügung?,phrase,
what seat would you prefer?,30,Welchen Sitzplatz hätten Sie gerne?,phrase,
what side dishes would you like with your meal?,20,Welche Beilagen möchten Sie zu Ihrem Essen?,phrase,
it's not great,10,es ist nicht großartig,phrase,S'isch nöd dr Hammer
it's not so important,10,es ist nicht so wichtig,phrase,Es isch nid so wichtig
that's easy,10,das ist einfach,phrase,Das isch eifach
what type of dressing would you like on your salad?,20,Welches Dressing möchten Sie auf Ihrem Salat?,phrase,
wheel,20,Rad,word,
where,20,wo,word,
that's fantastic,10,das ist fantastisch,phrase,Das isch fantastisch
that's very good,10,das ist sehr gut,phrase,Das isch sehr guet
where can i find a currency exchange office?,30,Wo finde ich eine Wechselstube?,phrase,
that's very interesting,10,Das ist sehr interessant,phrase,Das isch sehr interessant
who,30,wer,word,
wide,51,breit,word,
wifi,74,WLAN,word,
window,38,Fenster,word,
wine,59,Wein,word,
wine list,80,Weinkarte,word,
with,1,mit,word,
work,40,arbeiten,word,
workday,77,Arbeitstag,word,
worker,28,Arbeiter/in,word,
world,40,Welt,word,
would,10,würde,word,
would you like a refill on your drink?,20,Möchten Sie Ihr Getränk nachfüllen lassen?,phrase,
would you like a snack or beverage with that?,30,Möchten Sie einen Snack oder ein Getränk dazu?,phrase,
would you like any appetizers to go with your drinks?,30,Möchten Sie Vorspeisen zu Ihren Getränken?,phrase,
would you like to buy any cigarettes or tobacco products?,60,Möchten Sie Zigaretten oder Tabakwaren kaufen?,phrase,
would you like to leave your feedback?,70,Möchten Sie ein Feedback hinterlassen?,phrase,
we did it,10,wir haben es geschafft,phrase,Mir händs geschafft
would you like to purchase any duty-free items?,20,Möchten Sie Duty-free-Artikel kaufen?,phrase,
would you like to sign up for our mailing list?,80,Möchten Sie sich für unseren Newsletter anmelden?,phrase,
would you like to sign up for our rewards program?,80,Möchten Sie sich für unser Treueprogramm anmelden?,phrase,
would you like to try a beer flight or a wine flight?,20,Möchten Sie ein Bierflug oder einen Weinflug probieren?,phrase,
would you like to try our new product?,70,Möchten Sie unser neues Produkt ausprobieren?,phrase,
would you like to try our signature cocktail?,70,Möchten Sie unseren Signature-Cocktail probieren?,phrase,
would you like to try our specials today?,40,Möchten Sie unsere heutigen Spezialitäten probieren?,phrase,
would you like to upgrade to first class?,80,Möchten Sie in die erste Klasse upgraden?,phrase,
write,70,schreiben,word,
year,30,Jahr,word,
years,30,Jahre,word,
yodeling,90,Jodeln,word,
you,1,du/Sie,word,
you're,20,du bist,word,NA
what do you recommend from the menu?,10,Was empfehlen Sie auf der Speisekarte?,phrase,
young,26,jung,word,
your,1,dein/Ihr,word,
you're welcome,10,Bitte schön,phrase,Gern gscheh
